INSERT INTO TEACHER (id, name, email)
VALUES (1, 'Bright Varghese', 'varghese@miu.edu'),
       (2, 'Joseph Lerman', 'lerman@miu.edu'),
       (3, 'Talal Qaid', 'qaid@miu.edu'),
       (4, 'Sara Robinson', 'robinson@miu.edu'),
       (5, 'Emdad Khan', 'khan@miu.edu'),
       (6, 'Najeeb Najeeb', 'najeeb@miu.edu'),
       (7, 'Michael Yang', 'yang@miu.edu'),
       (8, 'Muhyieddin Khaled Al-Tarawneh', 'tarawneh@miu.edu'),
       (9, 'Assad Maalouf', 'maalouf@miu.edu'),
       (10, 'Clyde Ruby', 'ruby@miu.edu'),
       (11, 'Unubold Tumenbayar', 'tumenbayar@miu.edu'),
       (12, 'Obinna Kalu', 'kalu@miu.edu'),
       (13, 'Sridevi Malasani', 'malasani@miu.edu'),
       (14, 'Someswara Rao Pullapantula', 'pullapantula@miu.edu'),
       (15, 'Ankhtuya Ochirbat', 'ochirbat@miu.edu'),
       (16, 'Rujuan Xing', 'xing@miu.edu'),
       (17, 'Siamak Tavakoli', 'tavakoli@miu.edu'),
       (18, 'Burmaa Enkhbat', 'enkhbat@miu.edu'),
       (19, 'Renuka Mohanraj', 'mohanraj@miu.edu'),
       (20, 'Premchand Nair', 'nair@miu.edu'),
       (21, 'Tacettin Umur Inan', 'inan@miu.edu'),
       (22, 'Rene de Jong', 'jong@miu.edu'),
       (23, 'Mrudula Mukadam', 'mukadam@miu.edu'),
       (24, 'Keith Levi', 'levi@miu.edu'),
       (25, 'Elinor Wolfe', 'wolfe@miu.edu'),
       (26, 'Asaad Saad', 'saad@miu.edu'),
       (27, 'Payman Salek', 'salek@miu.edu'),
       (28, 'Sanad AbuRass', 'aburass@miu.edu'),
       (29, 'Natasha Berkowitz', 'berkowitz@miu.edu'),
       (30, 'Ken Daley', 'daley@miu.edu'),
       (31, 'James Bagnola', 'bagnola@miu.edu');
INSERT INTO BLOCK (BLOCK_ID, START_DATE, END_DATE)
VALUES (1, '2024-04-01', '2024-05-01'),
       (2, '2024-05-01', '2024-06-01'),
       (3, '2024-06-01', '2024-07-01'),
       (4, '2024-07-01', '2024-08-01');
INSERT INTO COURSE (ID, TITLE)
VALUES ('MGT5341', 'Career Strategies for Information Technology'),
       ('SD545', 'Web Application Development 1'),
       ('CS401', 'Modern Programming Practices'),
       ('CS489', 'Applied Software Development'),
       ('CS390', 'Fundamental Programming Practices'),
       ('CS544', 'Enterprise Architecture'),
       ('CS472', 'Web Programming'),
       ('CS590', 'Software Architecture'),
       ('CS572', 'Modern Web Applications'),
       ('CS522', 'Big Data'),
       ('CS582', 'Machine Learning'),
       ('CS422', 'Database Management Systems'),
       ('CS363', 'Computer Organization and Architecture'),
       ('CS525', 'Advanced Software Development'),
       ('CS435', 'Algorithms'),
       ('SD550', 'Web Application Development 2'),
       ('STC506A', 'STC Pt 1- ComPro (Science and Technology of Consciousness)'),
       ('CS425', 'Software Engineering'),
       ('SD555', 'Web Application Development 3'),
       ('CS545', 'Web Application Architecture');
INSERT INTO BLOCK_COURSE (BLOCK_COURSE_ID, CAPACITY, ENROLLED, CAMPUS_ORDE, TEACHER_ID, BLOCK_BLOCK_ID, COURSE_ID)
VALUES (1, 100, 0, 'Campus', (SELECT id FROM TEACHER WHERE name = 'Natasha Berkowitz'), 1, 'MGT5341'),
       (2, 25, 0, 'Campus', (SELECT id FROM TEACHER WHERE name = 'Rujuan Xing'), 1, 'SD545'),
       (3, 20, 0, 'Campus', (SELECT id FROM TEACHER WHERE name = 'Renuka Mohanraj'), 1, 'CS401'),
       (4, 20, 0, 'Campus', (SELECT id FROM TEACHER WHERE name = 'Joseph Lerman'), 1, 'CS401'),
--        (5, 20, 0, 'Campus', (SELECT id FROM TEACHER WHERE name = 'Obinna Kalu'), 1, 'CS489'),
--        (6, 20, 0, 'Campus', (SELECT id FROM TEACHER WHERE name = 'Michael Zijlstra'), 1, 'CS489'),
--        (7, 20, 0, 'Campus', (SELECT id FROM TEACHER WHERE name = 'Assad Maalouf'), 1, 'CS489'),
--        (8, 20, 0, 'Campus', (SELECT id FROM TEACHER WHERE name = 'Talal Qaid'), 1, 'CS489'),
--        (9, 20, 0, 'Campus', (SELECT id FROM TEACHER WHERE name = 'Bright Varghese'), 1, 'CS489'),
--        (10, 20, 0, 'Campus', (SELECT id FROM TEACHER WHERE name = 'Thao Huy Vu'), 1, 'CS489'),
--        (11, 25, 0, 'Campus', (SELECT id FROM TEACHER WHERE name = 'Burmaa Enkhbat'), 1, 'CS390'),
--        (12, 25, 0, 'Campus', (SELECT id FROM TEACHER WHERE name = 'Tacettin Umur Inan'), 1, 'CS544'),
--        (13, 25, 0, 'Campus', (SELECT id FROM TEACHER WHERE name = 'Ankhtuya Ochirbat'), 1, 'CS472'),
--        (14, 30, 0, 'Campus', (SELECT id FROM TEACHER WHERE name = 'Rene de Jong'), 1, 'CS590'),
--        (15, 25, 0, 'Campus', (SELECT id FROM TEACHER WHERE name = 'Asaad Saad'), 1, 'CS572'),
--        (16, 25, 0, 'Campus', (SELECT id FROM TEACHER WHERE name = 'Premchand Nair'), 1, 'CS522'),
       (17, 25, 0, 'Campus', (SELECT id FROM TEACHER WHERE name = 'Sanad AbuRass'), 2, 'CS582'),
       (18, 25, 0, 'Campus', (SELECT id FROM TEACHER WHERE name = 'Tacettin Umur Inan'), 2, 'CS422'),
       (19, 25, 0, 'Campus', (SELECT id FROM TEACHER WHERE name = 'Michael Zijlstra'), 2, 'CS363'),
       (20, 25, 0, 'Campus', (SELECT id FROM TEACHER WHERE name = 'Rujuan Xing'), 2, 'CS472'),
--        (21, 45, 0, 'Campus', (SELECT id FROM TEACHER WHERE name = 'Payman Salek'), 2, 'CS525'),
--        (22, 25, 0, 'Campus', (SELECT id FROM TEACHER WHERE name = 'Premchand Nair'), 2, 'CS435'),
--        (23, 50, 0, 'Campus', (SELECT id FROM TEACHER WHERE name = 'Natasha Berkowitz'), 2, 'MGT5341'),
--        (24, 25, 0, 'Campus', (SELECT id FROM TEACHER WHERE name = 'Thao Huy Vu'), 2, 'SD550'),
--        (25, 25, 0, 'Campus', (SELECT id FROM TEACHER WHERE name = 'Elinor Wolfe'), 2, 'STC506A'),
       (26, 25, 23, 'Campus', (SELECT id FROM TEACHER WHERE name = 'Najeeb Najeeb'), 3, 'CS425'),
       (27, 50, 33, 'Campus', (SELECT id FROM TEACHER WHERE name = 'Natasha Berkowitz'), 3, 'MGT5341'),
       (28, 25, 22, 'Campus', (SELECT id FROM TEACHER WHERE name = 'Asaad Saad'), 3, 'SD555'),
       (29, 30, 30, 'Campus', (SELECT id FROM TEACHER WHERE name = 'Payman Salek'), 3, 'CS544'),
--        (30, 25, 0, 'Campus', (SELECT id FROM TEACHER WHERE name = 'Talal Qaid'), 3, 'CS401'),
--        (31, 25, 1, 'Campus', (SELECT id FROM TEACHER WHERE name = 'Renuka Mohanraj'), 3, 'CS390'),
--        (32, 25, 0, 'Campus', (SELECT id FROM TEACHER WHERE name = 'Joseph Lerman'), 3, 'CS390'),
--        (33, 25, 12, 'Campus', (SELECT id FROM TEACHER WHERE name = 'Michael Zijlstra'), 3, 'CS472'),
--        (34, 35, 35, 'Campus', (SELECT id FROM TEACHER WHERE name = 'Muhyieddin Khaled Al-Tarawneh'), 3, 'CS545'),
       (35, 25, 20, 'Campus', (SELECT id FROM TEACHER WHERE name = 'Tacettin Umur Inan'), 4, 'CS545'),
       (36, 25, 5, 'Campus', (SELECT id FROM TEACHER WHERE name = 'Asaad Saad'), 4, 'CS472'),
       (37, 25, 0, 'Campus', (SELECT id FROM TEACHER WHERE name = 'Muhyieddin Khaled Al-Tarawneh'), 4, 'CS401'),
       (38, 25, 25, 'Campus', (SELECT id FROM TEACHER WHERE name = 'Rene de Jong'), 4, 'CS544');
--        (39, 25, 25, 'Campus', (SELECT id FROM TEACHER WHERE name = 'Clyde Ruby'), 4, 'CS435'),
--        (40, 25, 0, 'Campus', (SELECT id FROM TEACHER WHERE name = 'Najeeb Najeeb'), 4, 'CS401'),
--        (41, 50, 22, 'Campus', (SELECT id FROM TEACHER WHERE name = 'Natasha Berkowitz'), 4, 'MGT5341'),
--        (42, 20, 0, 'Campus', (SELECT id FROM TEACHER WHERE name = 'Burmaa Enkhbat'), 4, 'CS390')

INSERT INTO STUDENT (id, name, email)
VALUES (1, 'John Doe', 'john.doe@miu.edu'),
       (2, 'Jane Smith', 'jane.smith@miu.edu'),
       (3, 'Robert Johnson', 'robert.johnson@miu.edu'),
       (4, 'Michael Williams', 'michael.williams@miu.edu'),
       (5, 'Sarah Brown', 'sarah.brown@miu.edu'),
       (6, 'David Jones', 'david.jones@miu.edu'),
       (7, 'Emily Davis', 'emily.davis@miu.edu'),
       (8, 'James Miller', 'james.miller@miu.edu'),
       (9, 'Jessica Wilson', 'jessica.wilson@miu.edu'),
       (10, 'Thomas Moore', 'thomas.moore@miu.edu'),
       (11, 'Linda Taylor', 'linda.taylor@miu.edu'),
       (12, 'Richard Anderson', 'richard.anderson@miu.edu'),
       (13, 'Patricia Thomas', 'patricia.thomas@miu.edu'),
       (14, 'Christopher Jackson', 'christopher.jackson@miu.edu'),
       (15, 'Susan White', 'susan.white@miu.edu'),
       (16, 'Alice Johnson', 'alice.johnson@miu.edu'),
       (17, 'Bob Thompson', 'bob.thompson@miu.edu'),
       (18, 'Charlie Brown', 'charlie.brown@miu.edu'),
       (19, 'Diana Smith', 'diana.smith@miu.edu'),
       (20, 'Ethan White', 'ethan.white@miu.edu'),
       (21, 'Fiona Green', 'fiona.green@miu.edu'),
       (22, 'George Black', 'george.black@miu.edu'),
       (23, 'Hannah Blue', 'hannah.blue@miu.edu'),
       (24, 'Ivan Red', 'ivan.red@miu.edu'),
       (25, 'Julia Purple', 'julia.purple@miu.edu'),
       (26, 'Lucas Franson Barros', 'lucas.barros@miu.edu'),
       (27, 'Enkhsaikhan Davaatulga', 'e.davaatulga@miu.edu');